mu1, mu2, mu3, b1, b2, b3 
-4.71779983459470e+01, -9.58669155430497e+00, 2.99927874036418e+01, 1.65310282786314e+00, 4.77906269424534e+00, 3.73482431373691e+00 
