mu1, mu2, mu3, b1, b2, b3 
-2.90594259647624e+01, -1.31812219136292e+00, 2.08259267939773e+01, 8.79153377929508e-01, 4.77482555155643e+00, 2.03401923509710e+00 
