mu1, mu2, mu3, b1, b2, b3 
-3.45059131000315e+01, -1.59400262687763e+01, 3.10081852669350e+01, 2.29485404133669e+00, 1.81564968754826e+00, 9.05207700889785e-01 
