mu1, mu2, mu3, b1, b2, b3 
7.85885338032990e+01, 2.87775326656703e-01, 1.88441555529872e+01, 1.71153776856383e+00, 1.23252121335264e+01, 4.06723546061170e+00 
