mu1, mu2, mu3, b1, b2, b3 
1.08309574171067e+01, 1.94931836606085e+01, 2.43428537149855e+01, 2.30460697636462e+00, 1.18894719577452e+01, 1.03325247342430e+01 
