mu1, mu2, mu3, b1, b2, b3 
8.95471715215604e+01, 2.73866277875735e+01, 4.66192940902204e+01, 5.93321858397757e+00, 1.35205609667651e+00, 5.76541258497092e+00 
