mu1, mu2, mu3, b1, b2, b3 
-6.89379158112574e+01, 3.88648939670238e+01, 4.53940940511487e+01, 2.88417004783730e+00, 5.81406394497561e+00, 2.73496152714439e+00 
