mu1, mu2, mu3, b1, b2, b3 
8.49807892255359e+01, -5.85939344283336e+00, 1.54202710566434e+01, 4.82793086304378e+00, 7.78162031269543e+00, 4.33124554084264e+00 
