mu1, mu2, mu3, b1, b2, b3 
-5.80271058009060e+01, -1.06297227308483e+00, 1.98326737673772e+01, 1.74464677733769e+00, 6.51290157166979e+00, 9.99574401411504e+00 
