mu1, mu2, mu3, b1, b2, b3 
-7.48795250272747e+01, -2.01704847225017e+01, 7.19928375280587e+00, 1.47542916442985e+00, 7.17090218229178e+00, 6.02646467197023e+00 
