mu1, mu2, mu3, b1, b2, b3 
8.39103462288257e+01, -9.67865598280202e+00, 1.99678620551818e+01, 3.83253663238332e+00, 3.28745020803165e+00, 5.81351943362307e+00 
